{
	"rule": [
		{
			"name": "Address Not US States : 1010",
			"declineRule": "1010",
			"sqlwhere": [
				"INMARKET_IN = 'N'"
			]
		},
		{
			"name": "Age Under 18 years : 1013",
			"declineRule": "1013",
			"sqlwhere": [
				"BUREAU_ERROR_CD = '010' OR",
				"UNDER18_IN = 'Y'"
			]
		},
		{
			"name": "Recently Applied for Ollo Card : 1004",
			"declineRule": "1004",
			"sqlwhere": [
				"BANK_ACCT_CD = '4'"
			]
		},
		{
			"name": "Deceased : 1002",
			"declineRule": "1002",
			"sqlwhere": [
				"DECEASED_IN > 'Y' OR",
				"FICO_SCORE < 9001 OR",
				"TU_VANTAGE_3 >= 1 OR",
				"RISK_SCORE_1 <= 1 OR",
				"CUST_MOD_3_FIN_SCR = 101 OR",
				"CUST_MOD_4_FIN_SCR = 101 OR",
				"CUST_MOD_6_FIN_SCR = 101"
			]
		}
	]
}
