{
	"rule": [
		{
			"name": "Address Not US States : 1010",
			"declineRule": "1010",
			"sqlwhere": [
				"INMARKET_IN = 'N'"
			]
		},
		
		
		{
			"name": "Age Under 18 years : 1013",
			"declineRule": "1013",
			"sqlwhere": [
				"BUREAU_ERROR_CD = '010' OR",
				"UNDER18_IN = 'Y'"
			]
		},
		
		{
			"name": "Recently Applied for Ollo Card : 1004",
			"declineRule": "1004",
			"sqlwhere": [
				"BANK_ACCT_CD = '4'"
			]
		},
		
		
		{
			"name": "Absence of Bank Account : 1008",
			"declineRule": "1008",
			"sqlwhere": [
				"RECENT_APPL_IN = 'Yes'"
			]
		},
				
		{
			"name": "Existing Ollo Card Holder : 1005",
			"declineRule": "1005",
			"sqlwhere": [
				"OLLO_OPEN_ACCT_CT = 'Yes'"
			]
		},
		
		{
			"name": "Deceased : 1002",
			"declineRule": "1002",
			"sqlwhere": [
				"DECEASED_IN = 'Y' OR",
				"FICO_SCORE = '9001' OR",
				"TU_VANTAGE_3 = '1' OR",
				"RISK_SCORE_1 = '1' OR",
				"CUST_MOD_3_FIN_SCR = '101' OR",
				"CUST_MOD_4_FIN_SCR = '101' OR",
				"CUST_MOD_6_FIN_SCR = '101' OR",
				"CUST_MOD_7_FIN_SCR = '101'"
			]
		},
		
		{
			"name": "Blocked or Frozen Credit Report : 1023",
			"declineRule": "1023",
			"sqlwhere": [
				"FROZEN_CREDRPT_IN = 'Y'"
			]
		},
		// INCLUDES is not a Snowflake command	
		{
			"name": "No Hit or Post Bureau Error : 1030",
			"declineRule": "1030",
			"sqlwhere": [
				"BUREAU_MSG_CD_LIST INCLUDES '07' OR",
				"FICO_SCORE = 0 "
			]
		},
		
		{
			"name": "Invalid FICO 9000 or Risk Score Too Many Trades : 1056",
			"declineRule": "1056",
			"sqlwhere": [
				"FICO_SCORE = '9000' OR",
				"RISK_SCORE_1 = '9' OR",
				"TU_VANTAGE_3 = '9' OR",				
				"CUST_MOD_3_FIN_SCR = '109' OR",
				"CUST_MOD_4_FIN_SCR = '109' OR",
				"CUST_MOD_6_FIN_SCR = '109' OR",
				"CUST_MOD_7_FIN_SCR = '109'"
			]
		},	

		{
			"name": "Invalid FICO 9002 or LT Risk Score Limited Trades : 1131",
			"declineRule": "1131",
			"sqlwhere": [
				"FICO_SCORE = '9002' OR",
				"RISK_SCORE_1 = '4' OR",
				"TU_VANTAGE_3 = '4' OR",				
				"CUST_MOD_3_FIN_SCR = '104' OR",
				"CUST_MOD_4_FIN_SCR = '104' OR",
				"CUST_MOD_6_FIN_SCR = '104' OR",
				"CUST_MOD_7_FIN_SCR = '104' OR",
				"ALL0100 = '99' OR",
				"ALL0100 = '0' OR",
				"ALL0100 = '00'" 
			]
		},	

		{
			"name": "Invalid FICO = 9003 : 1131",
			"declineRule": "1131",
			"sqlwhere": [
				"FICO_SCORE = 9003"
			]
		},
		// Not SQL
		//{
		//	"name": "Address Correctional Institution : 1001",
		//	"declineRule": "1001",
		//	"sqlwhere": [
		//		"App.Address Correctional Institution = 'Y'"
		//	]
		//},

		{
		    // need to fix trailing ')' 
			"name": "Undischarged Bankruptcy2 : 1116",
			"declineRule": "1116",
			"sqlwhere": [
				"(ALL9120 - ",
				"ALL9121) > 0 AND",
				"ALL9220 <= 6"
			]
		},
		
		{
			"name": "Charge-Off in last 12 months : 1017",
			"declineRule": "1017",
			"sqlwhere": [
				"((ALL8164 >= 0 AND",
				"ALL8164 <= 12) AND",
				"(ALL5301 > 250 AND",
				"ALL5301 < 999999991)) AND",
				"(CAMPAIGN_ID <> '25' AND",
				"CAMPAIGN_SUB_CD <>'6' OR",
				"CAMPAIGN_SUB_CD <> '8') OR",
				"(CAMPAIGN_ID <> '27' AND",
				"CAMPAIGN_SUB_CD <> '7')"
			]
		},

		{
			"name": "Currently 60+DPD OR 2+ Trades last 6 months : 1018",
			"declineRule": "1018",
			"sqlwhere": [
				"((ALL5045 >= 250 AND",
				"ALL5045 <= 999999990) OR (",
				"ALL2356 > 1 AND",
				"ALL2356 < 91)) AND",
				"UNDRWRTE_STRAT_IN <> 8 AND (",
				"CAMPAIGN_ID <>'25' AND",
				"CAMPAIGN_SUB_CD <>'6' OR",
				"CAMPAIGN_SUB_CD <> '8') OR (",
				"CAMPAIGN_ID <>'27' AND",
				"CAMPAIGN_SUB_CD <> '7')"
			]
		},

		
		{
			"name": "Total Bankcard Debt > 17000 : 1120",
			"declineRule": "1120",
			"sqlwhere": [
				"REH5030 > 17000"
			]
		},

		{
			"name": "Total Bankcard Utilization > 100 : 1019",
			"declineRule": "1019",
			"sqlwhere": [
				"BCC7140 > 100 AND",
				"BCC7140 < 991"
			]
		},
		
		{
			"name": "Total Inquiries v2 : 1057",
			"declineRule": "1057",
			"sqlwhere": [
				"IQT9421 > 1"
			]
		},

				{
			"name": "FICO < 580 : 1028",
			"declineRule": "1028",
			"sqlwhere": [
				"FICO_SCORE  > 0 AND",
				"FICO_SCORE < 530 AND",
				"(CAMPAIGN_ID <> '25' AND",
				"CAMPAIGN_SUB_CD <> '5','6','7','8') OR",
				"(CAMPAIGN_ID <> '27' AND",
				"CAMPAIGN_SUB_CD <> '6', '7')"
			]
		},
		
		//{
		//	"name": "LT Risk Model Decile > 7 : 1055",
		//	"declineRule": "1055",
		//	"sqlwhere": [
		//		"RISK_SCORE_1 > 7 AND",
		//		"'Results.Final Score 1 Ranked Adverse Reason Code'[1] <> ''"
		//	]
		//},
		
				
		//{
		//	"name": "LT Risk Model Decile > 10 : 1055",
		//	"declineRule": "1055",
		//	"sqlwhere": [
		//		"RISK_SCORE_1 > 9 AND",
		//		"'Results.Final Score 1 Ranked Adverse Reason Code'[1] <> '' AND",
		//		"'Temp.Affiliate'='CK'" 
		//	]
		//},
		
		{
			"name": "Ability to Pay < 400 : 1107",
			"declineRule": "1107",
			"sqlwhere": [
				"ATP_MAX_CREDIT_LINE < 400"
			]
		},

				{
			"name": "DEBT TO INCOME : 1007",
			"declineRule": "1007",
			"sqlwhere": [
				"(ALL5830 -",
				"MTA5830) /",
				"(TOT_INCOME / 12)  > 0.4"
			]
		},

		{
			"name": "Extended Fraud Alert Refer : 103",
			"declineRule": "103",
			"sqlwhere": [
				"EXTEND_FRAUD_ALERT_IN = 'Y'"
			]
		},
		
		{ 
			//last issue on last sql row
			//INCLUDES is not a Snowflake command
			"name": "IDA Score Fail DM : 1015",
			"declineRule": "1015",
			"sqlwhere": [
				"IDFS >= 950 OR",
				"(IDFS >= 650 AND",
				"TFRANDOB2Y > 0) OR",
				"(IDFS >= 650 AND",
				"TFRAA6M > 0) OR",
				"((IDFS >= 650 AND",
				"(SSNAWF3Y = 'true' OR",
				"SSNAWF3Y = 'True' OR",
				"SSNAWF3Y = 'TRUE')) OR",
				"(FRAUD_SHIELD_TYPE_LIST EXCLUDES '05' AND",
				"FRAUD_SHIELD_TYPE_LIST INCLUDES '25')"
			]
		}
		


		]
}
